{
  "_version": "3.0.0",
  "identification": {
    "id": "c9aae627-9601-4a11-83c3-41b94a3c8026-1576776549699",
    "entityType": "bundle"
  },
  "payload": {
    "catalogs": [
      {
        "_version": "3.0.0",
        "identification": {
          "id": "defaultCatalogId",
          "title": "CatalogTitle",
          "entityType": "catalog"
        },
        "payload": {
          "viz": []
        }
      }
    ],
    "groups": [
      {
        "_version": "3.0.0",
        "identification": {
          "id": "defaultGroupId",
          "title": "My Home",
          "entityType": "group"
        },
        "payload": {
          "viz": [
            {
              "id": "customers-0-1587718266733",
              "appId": "cap.timetracking.customers",
              "vizId": "customers-display"
            },
            {
              "id": "employees-0-1587718307754",
              "appId": "cap.timetracking.employees",
              "vizId": "employees-display"
            },
            {
              "id": "records-0-1587718310169",
              "appId": "cap.timetracking.records",
              "vizId": "records-display"
            },
            {
              "id": "projects-0-1587718310169",
              "appId": "cap.timetracking.projects",
              "vizId": "projects-display"
            },
            {
              "id": "leaves-0-1587718365228",
              "appId": "cap.timetracking.leaves",
              "vizId": "leaves-display"
            },
            {
              "id": "invoices-0-1587718357484",
              "appId": "cap.timetracking.invoices",
              "vizId": "invoices-display"
            }
          ]
        }
      }
    ],
    "sites": [
      {
        "_version": "3.0.0",
        "identification": {
          "id": "b9ad73bb-384c-4740-b39a-7f0fad5e6acc-1576776549700",
          "entityType": "site",
          "title": "SAP Fiori launchpad site on Cloud Foundry",
          "description": ""
        },
        "payload": {
          "config": {
            "ushellConfig": {
              "bootstrapPlugins": {
                "KeyUserPlugin": {
                  "component": "sap.ushell.plugins.rta"
                },
                "PersonalizePlugin": {
                  "component": "sap.ushell.plugins.rta-personalize"
                }
              },
              "renderers": {
                "fiori2": {
                  "componentData": {
                    "config": {
                      "applications": {
                        "Shell-home": {}
                      }
                    }
                  }
                }
              }
            }
          },
          "groupsOrder": [
            "defaultGroupId"
          ],
          "sap.cloud.portal": {
            "config": {
              "theme.id": "sap_fiori_3",
              "theme.active": [
                "sap_fiori_3",
                "sap_fiori_3_dark",
                "sap_belize",
                "sap_belize_hcb",
                "sap_belize_hcw"
              ]
            }
          }
        }
      }
    ]
  }
}